MACHINE_NUMBER,IP,NETMASK,GATEWAY,RACK_NUMBER
01:00,23.52.43.132,255.255.255.128,23.52.43.129 ,DB165
01:01,23.52.43.133,255.255.255.128,23.52.43.129 ,DB165
02:00,23.52.43.134,255.255.255.128,23.52.43.129 ,DB165
02:01,23.52.43.135,255.255.255.128,23.52.43.129 ,DB165
03:00,23.52.43.136,255.255.255.128,23.52.43.129 ,DB165
03:01,23.52.43.137,255.255.255.128,23.52.43.129 ,DB165
04:00,23.52.43.138,255.255.255.128,23.52.43.129 ,DB165
04:01,23.52.43.139,255.255.255.128,23.52.43.129 ,DB165
05:00,23.52.43.140,255.255.255.128,23.52.43.129 ,DB165
05:01,23.52.43.141,255.255.255.128,23.52.43.129 ,DB165
06:00,23.52.43.142,255.255.255.128,23.52.43.129 ,DB165
06:01,23.52.43.143,255.255.255.128,23.52.43.129 ,DB165
07:00,23.52.43.144,255.255.255.128,23.52.43.129 ,DB165
07:01,23.52.43.145,255.255.255.128,23.52.43.129 ,DB165
08:00,23.52.43.146,255.255.255.128,23.52.43.129 ,DB165
08:01,23.52.43.147,255.255.255.128,23.52.43.129 ,DB165
09:00,23.52.43.148,255.255.255.128,23.52.43.129 ,DB165
09:01,23.52.43.149,255.255.255.128,23.52.43.129 ,DB165
10:00,23.52.43.150,255.255.255.128,23.52.43.129 ,DB165
10:01,23.52.43.151,255.255.255.128,23.52.43.129 ,DB165
11:00,23.52.43.152,255.255.255.128,23.52.43.129 ,DB165
11:01,23.52.43.153,255.255.255.128,23.52.43.129 ,DB165
12:00,23.52.43.154,255.255.255.128,23.52.43.129 ,DB165
12:01,23.52.43.155,255.255.255.128,23.52.43.129 ,DB165
13:00,23.52.43.156,255.255.255.128,23.52.43.129 ,DB165
13:01,23.52.43.157,255.255.255.128,23.52.43.129 ,DB165
14:00,23.52.43.158,255.255.255.128,23.52.43.129 ,DB165
14:01,23.52.43.159,255.255.255.128,23.52.43.129 ,DB165
15:00,23.52.43.160,255.255.255.128,23.52.43.129 ,DB165
15:01,23.52.43.161,255.255.255.128,23.52.43.129 ,DB165
16:00,23.52.43.162,255.255.255.128,23.52.43.129 ,DB165
16:01,23.52.43.163,255.255.255.128,23.52.43.129 ,DB165
17:00,23.52.43.164,255.255.255.128,23.52.43.129 ,DB165
17:01,23.52.43.165,255.255.255.128,23.52.43.129 ,DB165
18:00,23.52.43.166,255.255.255.128,23.52.43.129 ,DB165
18:01,23.52.43.167,255.255.255.128,23.52.43.129 ,DB165
19:00,23.52.43.168,255.255.255.128,23.52.43.129 ,DB165
19:01,23.52.43.169,255.255.255.128,23.52.43.129 ,DB165
20:00,23.52.43.170,255.255.255.128,23.52.43.129 ,DB165
20:01,23.52.43.171,255.255.255.128,23.52.43.129 ,DB165
21:00,23.52.43.172,255.255.255.128,23.52.43.129 ,DB165
21:01,23.52.43.173,255.255.255.128,23.52.43.129 ,DB165
22:00,23.52.43.174,255.255.255.128,23.52.43.129 ,DB165
22:01,23.52.43.175,255.255.255.128,23.52.43.129 ,DB165
23:00,23.52.43.176,255.255.255.128,23.52.43.129 ,DB165
23:01,23.52.43.177,255.255.255.128,23.52.43.129 ,DB165
24:00,23.52.43.178,255.255.255.128,23.52.43.129 ,DB165
24:01,23.52.43.179,255.255.255.128,23.52.43.129 ,DB165
25:00,23.52.43.180,255.255.255.128,23.52.43.129 ,DB165
25:01,23.52.43.181,255.255.255.128,23.52.43.129 ,DB165
26:00,23.52.43.182,255.255.255.128,23.52.43.129 ,DB165
26:01,23.52.43.183,255.255.255.128,23.52.43.129 ,DB165
27:00,23.52.43.184,255.255.255.128,23.52.43.129 ,DB165
27:01,23.52.43.185,255.255.255.128,23.52.43.129 ,DB165
28:00,23.52.43.186,255.255.255.128,23.52.43.129 ,DB165
28:01,23.52.43.187,255.255.255.128,23.52.43.129 ,DB165
29:00,23.52.43.188,255.255.255.128,23.52.43.129 ,DB165
29:01,23.52.43.189,255.255.255.128,23.52.43.129 ,DB165
30:00,23.52.43.190,255.255.255.128,23.52.43.129 ,DB165
30:01,23.52.43.191,255.255.255.128,23.52.43.129 ,DB165
